Workbook

Sheet SKU'S
A1: BRSTW-60-FD | C1: Last update: 5/28/2026
A2: BRSTW-60-CS-LY
A3: BRSTW-60-CS-EG
A4: FERTMX-30-CS-VT
A5: FERTMX-40-FD
A6: FERTMX-90-FD
A7: FERTMX-90-RE
A8: FERTMX-90-CS-BN
A9: FERTMX-90-CS-AN
A10: FERTMX-90-CS-VT
A11: FERTMX-90-CS-TA
A12: FERTMX-90-CS-NI
A13: FERTMX-60-RE
... A56: MFSPLS-120-CS-CN
A57: 604776737582
A58: MFSPLS-120-CS-NI
A59: MFSPLS-120-CS-UG
A60: MFSPLS-120-CS-KW
A61: MFS-120-CS-RW
A62: MFSPLS-120-FD
A63: MFSPLS-120-CS-TA
A64: MFSPLS-120-CS-EG
A65: MFSPLS-120-CS-LY
A66: MFSPLS-60-RE
A67: MFSPLS-60-FD
A68: MFSPLS-60-CS-BN
A69: MFSPLS-60-CS-AN
... A369: ZINC50-30-CS-IQ

Sheet Allocation Dashboard (Take)
B1: Taking Opportunities | AG1: Product Needed | AK1: {=_xlfn.TEXTJOIN("-",,INDEX(_xlfn.TEXTSPLIT(AH2,"-"),{1,2}))} -> #VALUE!
A2: Date of Order | B2: Customer | C2: Order # | D2: Sales Personal Notes | E2: Order Details | F2: Notes: Include all notes week by week | G2: SKU | H2: Product | I2: Label | J2: QTY on Order | K2: Labels/IFC- Version/batch | L2: QTY Commited | M2: Column4 | N2: Status | O2: Notes | P2: IFC | Q2: UPC Code | R2: QTY on Order2 | S2: Item PO | T2: EST Manufacture Completion | U2: Notes: | V2: Lot Number | W2: Notes: Include all notes week by week3 | X2: Order ETA ** only for products in rework** | Y2: Date Completed D/W Sent | Z2: Status4 | AA2: Column2 | AB2: Column1 | AC2: QTY Fuffilled? | AD2: Peeling? | AE2: Column3 | AG2: SKU: | AI2: QTY: | AK2: =_xlfn.TEXTAFTER(AH2,"-", -1) -> #VALUE!
A3: ='[1]2026 Orders'!A4 -> 45726 | B3: ='[1]2026 Orders'!B4 -> China | C3: ='[1]2026 Orders'!C4 -> A4458 | D3: ='[1]2026 Orders'!D4 -> 0 | E3: {=IF(C3=0,"", HYPERLINK( "#'2026 Orders'!C"& MATCH(1, ('2026 Orders'!C:C=C3)* ('2026 Orders'!G:G=G3)* ('2026 Orders'!N:N=N3), 0), "Open "&C3 ))} -> Open A4458 | F3: ='[1]2026 Orders'!F4 -> 0 | G3: ='[1]2026 Orders'!G4 -> SELENIU-60-FD | H3: {=IFERROR(_xlfn.TEXTJOIN("-",,INDEX(_xlfn.TEXTSPLIT(TableTake[[#This Row],[SKU]],"-"),{1,2})),"")} -> SELENIU-60 | I3: =IFERROR(_xlfn.TEXTAFTER(TableTake[[#This Row],[SKU]],"-",-1),"") -> FD | J3: ='[1]2026 Orders'!H4 -> 200 | K3: ='[1]2026 Orders'!I4 -> F63-25.1 | L3: MFSPLS-120-FD | N3: ='[1]2026 Orders'!L4 -> D/W Sent | O3: ='[1]2026 Orders'!M4 -> 12/15 D/W Sent | P3: ='[1]2026 Orders'!N4 -> NA | Q3: ='[1]2026 Orders'!O4 -> 604776735762 | R3: ='[1]2026 Orders'!P4 -> 3000 | S3: ='[1]2026 Orders'!Q4 -> 4833 | T3: ='[1]2026 Orders'!R4 -> complete | U3: ='[1]2026 Orders'!S4 -> 0 | ... Z3: ='[1]2026 Orders'!X4 -> Approved 01/16/26 | AC3: =IF(OR(B3="",B3=0),"",J3&"/"&$AJ$2) -> 200/ | AD3: =IF(OR(J3="",J3=0),"",I3&" -> "&$AK$2) -> #VALUE!
A4: ='[1]2026 Orders'!A5 -> 0 | B4: ='[1]2026 Orders'!B5 -> 0 | C4: ='[1]2026 Orders'!C5 -> 0 | D4: ='[1]2026 Orders'!D5 -> 0 | E4: {=IF(C4=0,"", HYPERLINK( "#'2026 Orders'!C"& MATCH(1, ('2026 Orders'!C:C=C4)* ('2026 Orders'!G:G=G4)* ('2026 Orders'!N:N=N4), 0), "Open "&C4 ))} | F4: ='[1]2026 Orders'!F5 -> 0 | G4: ='[1]2026 Orders'!G5 -> 0 | H4: {=IFERROR(_xlfn.TEXTJOIN("-",,INDEX(_xlfn.TEXTSPLIT(TableTake[[#This Row],[SKU]],"-"),{1,2})),"")} | I4: =IFERROR(_xlfn.TEXTAFTER(TableTake[[#This Row],[SKU]],"-",-1),"") | J4: ='[1]2026 Orders'!H5 -> 0 | K4: ='[1]2026 Orders'!I5 -> 0 | L4: 817 | N4: ='[1]2026 Orders'!L5 -> 0 | O4: ='[1]2026 Orders'!M5 -> 0 | P4: ='[1]2026 Orders'!N5 -> 0 | Q4: ='[1]2026 Orders'!O5 -> 0 | R4: ='[1]2026 Orders'!P5 -> 0 | S4: ='[1]2026 Orders'!Q5 -> 0 | T4: ='[1]2026 Orders'!R5 -> 0 | U4: ='[1]2026 Orders'!S5 -> 0 | ... Z4: ='[1]2026 Orders'!X5 -> 0 | AC4: =IF(OR(B4="",B4=0),"",J4&"/"&$AJ$2) | AD4: =IF(OR(J4="",J4=0),"",I4&" -> "&$AK$2)
A5: ='[1]2026 Orders'!A6 -> 45443 | B5: ='[1]2026 Orders'!B6 -> China | C5: ='[1]2026 Orders'!C6 -> A4425 | D5: ='[1]2026 Orders'!D6 -> 0 | E5: {=IF(C5=0,"", HYPERLINK( "#'2026 Orders'!C"& MATCH(1, ('2026 Orders'!C:C=C5)* ('2026 Orders'!G:G=G5)* ('2026 Orders'!N:N=N5), 0), "Open "&C5 ))} -> Open A4425 | F5: ='[1]2026 Orders'!F6 -> 0 | G5: ='[1]2026 Orders'!G6 -> VIACAL-60-FD | H5: {=IFERROR(_xlfn.TEXTJOIN("-",,INDEX(_xlfn.TEXTSPLIT(TableTake[[#This Row],[SKU]],"-"),{1,2})),"")} -> VIACAL-60 | I5: =IFERROR(_xlfn.TEXTAFTER(TableTake[[#This Row],[SKU]],"-",-1),"") -> FD | J5: ='[1]2026 Orders'!H6 -> 200 | K5: ='[1]2026 Orders'!I6 -> F66-22.1 | L5: ='[1]2026 Orders'!J6 -> 200 | N5: ='[1]2026 Orders'!L6 -> D/W Sent | O5: ='[1]2026 Orders'!M6 -> 01/13 D/W Sent | P5: ='[1]2026 Orders'!N6 -> NA | Q5: ='[1]2026 Orders'!O6 -> 609788968160 | R5: ='[1]2026 Orders'!P6 -> 2000 | S5: ='[1]2026 Orders'!Q6 -> 4661 | T5: ='[1]2026 Orders'!R6 -> complete | U5: ='[1]2026 Orders'!S6 -> 0 | ... Z5: ='[1]2026 Orders'!X6 -> Approved | AC5: =IF(OR(B5="",B5=0),"",J5&"/"&$AJ$2) -> 200/ | AD5: =IF(OR(J5="",J5=0),"",I5&" -> "&$AK$2) -> #VALUE!
A6: ='[1]2026 Orders'!A7 -> 0 | B6: ='[1]2026 Orders'!B7 -> 0 | C6: ='[1]2026 Orders'!C7 -> 0 | D6: ='[1]2026 Orders'!D7 -> 0 | E6: {=IF(C6=0,"", HYPERLINK( "#'2026 Orders'!C"& MATCH(1, ('2026 Orders'!C:C=C6)* ('2026 Orders'!G:G=G6)* ('2026 Orders'!N:N=N6), 0), "Open "&C6 ))} | F6: ='[1]2026 Orders'!F7 -> 0 | G6: ='[1]2026 Orders'!G7 -> 0 | H6: {=IFERROR(_xlfn.TEXTJOIN("-",,INDEX(_xlfn.TEXTSPLIT(TableTake[[#This Row],[SKU]],"-"),{1,2})),"")} | I6: =IFERROR(_xlfn.TEXTAFTER(TableTake[[#This Row],[SKU]],"-",-1),"") | J6: ='[1]2026 Orders'!H7 -> 0 | K6: ='[1]2026 Orders'!I7 -> 0 | L6: ='[1]2026 Orders'!J7 -> 0 | N6: ='[1]2026 Orders'!L7 -> 0 | O6: ='[1]2026 Orders'!M7 -> 0 | P6: ='[1]2026 Orders'!N7 -> 0 | Q6: ='[1]2026 Orders'!O7 -> 0 | R6: ='[1]2026 Orders'!P7 -> 0 | S6: ='[1]2026 Orders'!Q7 -> 0 | T6: ='[1]2026 Orders'!R7 -> 0 | U6: ='[1]2026 Orders'!S7 -> 0 | ... Z6: ='[1]2026 Orders'!X7 -> 0 | AC6: =IF(OR(B6="",B6=0),"",J6&"/"&$AJ$2) | AD6: =IF(OR(J6="",J6=0),"",I6&" -> "&$AK$2)
A7: ='[1]2026 Orders'!A8 -> 45589 | B7: ='[1]2026 Orders'!B8 -> UAE | C7: ='[1]2026 Orders'!C8 -> A4624 | D7: ='[1]2026 Orders'!D8 -> Under going registration in UAE 5/13/2026: UAE unable to take, exploring if other clients can take product. | E7: {=IF(C7=0,"", HYPERLINK( "#'2026 Orders'!C"& MATCH(1, ('2026 Orders'!C:C=C7)* ('2026 Orders'!G:G=G7)* ('2026 Orders'!N:N=N7), 0), "Open "&C7 ))} -> #N/A | F7: ='[1]2026 Orders'!F8 -> 6/13/2025: products added from UAE A4393 9/5/2025: 96 packs allocated to Amazon 9/18/2025: Moved from A4445 | G7: ='[1]2026 Orders'!G8 -> NERUFLX-60-FD | H7: {=IFERROR(_xlfn.TEXTJOIN("-",,INDEX(_xlfn.TEXTSPLIT(TableTake[[#This Row],[SKU]],"-"),{1,2})),"")} -> NERUFLX-60 | I7: =IFERROR(_xlfn.TEXTAFTER(TableTake[[#This Row],[SKU]],"-",-1),"") -> FD | J7: ='[1]2026 Orders'!H8 -> 1054 | K7: ='[1]2026 Orders'!I8 -> F115-25.0 | L7: ='[1]2026 Orders'!J8 -> 1054 | N7: ='[1]2026 Orders'!L8 -> Sales Action Needed | O7: ='[1]2026 Orders'!M8 -> 01/20 D/W Sent | P7: ='[1]2026 Orders'!N8 -> Y | Q7: ='[1]2026 Orders'!O8 -> 810131193164 | R7: ='[1]2026 Orders'!P8 -> 2500 | S7: ='[1]2026 Orders'!Q8 -> 4524 | T7: ='[1]2026 Orders'!R8 -> complete | U7: ='[1]2026 Orders'!S8 -> 0 | ... Z7: ='[1]2026 Orders'!X8 -> HOLD | AC7: =IF(OR(B7="",B7=0),"",J7&"/"&$AJ$2) -> 1054/ | AD7: =IF(OR(J7="",J7=0),"",I7&" -> "&$AK$2) -> #VALUE!
A8: ='[1]2026 Orders'!A9 -> 46058 | B8: ='[1]2026 Orders'!B9 -> 0 | C8: ='[1]2026 Orders'!C9 -> A4553 | D8: ='[1]2026 Orders'!D9 -> 5/13/2026: *DO NOT PREPARE ORDER FOR SHIPMENT YET: ADDITIONAL PRODUCTS TO BE ADDED* | E8: {=IF(C8=0,"", HYPERLINK( "#'2026 Orders'!C"& MATCH(1, ('2026 Orders'!C:C=C8)* ('2026 Orders'!G:G=G8)* ('2026 Orders'!N:N=N8), 0), "Open "&C8 ))} -> #N/A | F8: ='[1]2026 Orders'!F9 -> 3/30/2026: Moved from UAE A4644 | G8: ='[1]2026 Orders'!G9 -> MFSPLS-120-RE | H8: {=IFERROR(_xlfn.TEXTJOIN("-",,INDEX(_xlfn.TEXTSPLIT(TableTake[[#This Row],[SKU]],"-"),{1,2})),"")} -> MFSPLS-120 | I8: =IFERROR(_xlfn.TEXTAFTER(TableTake[[#This Row],[SKU]],"-",-1),"") -> RE | J8: ='[1]2026 Orders'!H9 -> 1050 | K8: ='[1]2026 Orders'!I9 -> 0 | L8: ='[1]2026 Orders'!J9 -> 1050 | N8: ='[1]2026 Orders'!L9 -> Picked | O8: ='[1]2026 Orders'!M9 -> 0 | P8: ='[1]2026 Orders'!N9 -> NA | Q8: ='[1]2026 Orders'!O9 -> 609788968344 | R8: ='[1]2026 Orders'!P9 -> 7000 | S8: ='[1]2026 Orders'!Q9 -> 4935 | T8: ='[1]2026 Orders'!R9 -> complete | U8: ='[1]2026 Orders'!S9 -> 0 | ... Z8: ='[1]2026 Orders'!X9 -> 0 | AC8: =IF(OR(B8="",B8=0),"",J8&"/"&$AJ$2) | AD8: =IF(OR(J8="",J8=0),"",I8&" -> "&$AK$2) -> #VALUE!
A9: ='[1]2026 Orders'!A10 -> 45880 | B9: ='[1]2026 Orders'!B10 -> Kuwait | C9: ='[1]2026 Orders'!C10 -> A4562 | D9: ='[1]2026 Orders'!D10 -> 5/11/2026: Order on hold | E9: {=IF(C9=0,"", HYPERLINK( "#'2026 Orders'!C"& MATCH(1, ('2026 Orders'!C:C=C9)* ('2026 Orders'!G:G=G9)* ('2026 Orders'!N:N=N9), 0), "Open "&C9 ))} -> Open A4562 | F9: ='[1]2026 Orders'!F10 -> 11/3/2025: Waiting for registration 11/5/2025: Allocated 500 packs to UAE A4521 | G9: ='[1]2026 Orders'!G10 -> EYECAP-30-FD | H9: {=IFERROR(_xlfn.TEXTJOIN("-",,INDEX(_xlfn.TEXTSPLIT(TableTake[[#This Row],[SKU]],"-"),{1,2})),"")} -> EYECAP-30 | I9: =IFERROR(_xlfn.TEXTAFTER(TableTake[[#This Row],[SKU]],"-",-1),"") -> FD | J9: ='[1]2026 Orders'!H10 -> 500 | K9: ='[1]2026 Orders'!I10 -> F15-26.0 | L9: ='[1]2026 Orders'!J10 -> 0 | N9: ='[1]2026 Orders'!L10 -> ON HOLD | O9: ='[1]2026 Orders'!M10 -> 0 | P9: ='[1]2026 Orders'!N10 -> Y | Q9: ='[1]2026 Orders'!O10 -> 609788968443 | R9: ='[1]2026 Orders'!P10 -> 0 | S9: ='[1]2026 Orders'!Q10 -> 0 | T9: ='[1]2026 Orders'!R10 -> 0 | U9: ='[1]2026 Orders'!S10 -> MOQ 5000 | ... Z9: ='[1]2026 Orders'!X10 -> HOLD | AC9: =IF(OR(B9="",B9=0),"",J9&"/"&$AJ$2) -> 500/ | AD9: =IF(OR(J9="",J9=0),"",I9&" -> "&$AK$2) -> #VALUE!
A10: ='[1]2026 Orders'!A11 -> 46141 | B10: ='[1]2026 Orders'!B11 -> UAE | C10: ='[1]2026 Orders'!C11 -> A4553 | D10: ='[1]2026 Orders'!D11 -> 0 | E10: {=IF(C10=0,"", HYPERLINK( "#'2026 Orders'!C"& MATCH(1, ('2026 Orders'!C:C=C10)* ('2026 Orders'!G:G=G10)* ('2026 Orders'!N:N=N10), 0), "Open "&C10 ))} -> #N/A | F10: ='[1]2026 Orders'!F11 -> 4/29/2026: Product added 5/4/2026: Qty changed 183 -> 182 | G10: ='[1]2026 Orders'!G11 -> POLYSIT-90-RE | H10: {=IFERROR(_xlfn.TEXTJOIN("-",,INDEX(_xlfn.TEXTSPLIT(TableTake[[#This Row],[SKU]],"-"),{1,2})),"")} -> POLYSIT-90 | I10: =IFERROR(_xlfn.TEXTAFTER(TableTake[[#This Row],[SKU]],"-",-1),"") -> RE | J10: ='[1]2026 Orders'!H11 -> 182 | K10: ='[1]2026 Orders'!I11 -> 0 | L10: ='[1]2026 Orders'!J11 -> 182 | N10: ='[1]2026 Orders'!L11 -> 0 | O10: ='[1]2026 Orders'!M11 -> 182 available Lot: 49311125 | P10: ='[1]2026 Orders'!N11 -> Y | Q10: ='[1]2026 Orders'!O11 -> 609788969006 | R10: ='[1]2026 Orders'!P11 -> 0 | S10: ='[1]2026 Orders'!Q11 -> 0 | T10: ='[1]2026 Orders'!R11 -> 0 | U10: ='[1]2026 Orders'!S11 -> 0 | ... Z10: ='[1]2026 Orders'!X11 -> 0 | AC10: =IF(OR(B10="",B10=0),"",J10&"/"&$AJ$2) -> 182/ | AD10: =IF(OR(J10="",J10=0),"",I10&" -> "&$AK$2) -> #VALUE!
A11: ='[1]2026 Orders'!A12 -> 45890 | B11: ='[1]2026 Orders'!B12 -> Uganda | C11: ='[1]2026 Orders'!C12 -> A4522 | D11: ='[1]2026 Orders'!D12 -> 0 | E11: {=IF(C11=0,"", HYPERLINK( "#'2026 Orders'!C"& MATCH(1, ('2026 Orders'!C:C=C11)* ('2026 Orders'!G:G=G11)* ('2026 Orders'!N:N=N11), 0), "Open "&C11 ))} -> Open A4522 | F11: ='[1]2026 Orders'!F12 -> 0 | G11: ='[1]2026 Orders'!G12 -> SPERMCT-60-FD | H11: {=IFERROR(_xlfn.TEXTJOIN("-",,INDEX(_xlfn.TEXTSPLIT(TableTake[[#This Row],[SKU]],"-"),{1,2})),"")} -> SPERMCT-60 | I11: =IFERROR(_xlfn.TEXTAFTER(TableTake[[#This Row],[SKU]],"-",-1),"") -> FD | J11: ='[1]2026 Orders'!H12 -> 96 | K11: ='[1]2026 Orders'!I12 -> F64-25.0 | L11: ='[1]2026 Orders'!J12 -> 96 | N11: ='[1]2026 Orders'!L12 -> Picked | O11: ='[1]2026 Orders'!M12 -> 0 | P11: ='[1]2026 Orders'!N12 -> NA | Q11: ='[1]2026 Orders'!O12 -> 609788968405 | R11: ='[1]2026 Orders'!P12 -> 5500 | S11: ='[1]2026 Orders'!Q12 -> 4850 | T11: ='[1]2026 Orders'!R12 -> complete | U11: ='[1]2026 Orders'!S12 -> 0 | ... Z11: ='[1]2026 Orders'!X12 -> HOLD | AC11: =IF(OR(B11="",B11=0),"",J11&"/"&$AJ$2) -> 96/ | AD11: =IF(OR(J11="",J11=0),"",I11&" -> "&$AK$2) -> #VALUE!
A12: ='[1]2026 Orders'!A13 -> 45890 | B12: ='[1]2026 Orders'!B13 -> Uganda | C12: ='[1]2026 Orders'!C13 -> A4522 | D12: ='[1]2026 Orders'!D13 -> 0 | E12: {=IF(C12=0,"", HYPERLINK( "#'2026 Orders'!C"& MATCH(1, ('2026 Orders'!C:C=C12)* ('2026 Orders'!G:G=G12)* ('2026 Orders'!N:N=N12), 0), "Open "&C12 ))} -> Open A4522 | F12: ='[1]2026 Orders'!F13 -> 5/12/2026: Allocating to Lebanon A4690. | G12: ='[1]2026 Orders'!G13 -> WFSPLS-180-FD | H12: {=IFERROR(_xlfn.TEXTJOIN("-",,INDEX(_xlfn.TEXTSPLIT(TableTake[[#This Row],[SKU]],"-"),{1,2})),"")} -> WFSPLS-180 | I12: =IFERROR(_xlfn.TEXTAFTER(TableTake[[#This Row],[SKU]],"-",-1),"") -> FD | J12: ='[1]2026 Orders'!H13 -> 120 | K12: ='[1]2026 Orders'!I13 -> F73-23.0 | L12: ='[1]2026 Orders'!J13 -> 120 | N12: ='[1]2026 Orders'!L13 -> PO Drafted | O12: ='[1]2026 Orders'!M13 -> 46012 | P12: ='[1]2026 Orders'!N13 -> NA | Q12: ='[1]2026 Orders'!O13 -> 609788968351 | R12: ='[1]2026 Orders'!P13 -> 5000 | S12: ='[1]2026 Orders'!Q13 -> 5043 | T12: ='[1]2026 Orders'!R13 -> TBD | U12: ='[1]2026 Orders'!S13 -> Pending approval to send to vendor | ... Z12: ='[1]2026 Orders'!X13 -> 0 | AC12: =IF(OR(B12="",B12=0),"",J12&"/"&$AJ$2) -> 120/ | AD12: =IF(OR(J12="",J12=0),"",I12&" -> "&$AK$2) -> #VALUE!
A13: ='[1]2026 Orders'!A14 -> 45890 | B13: ='[1]2026 Orders'!B14 -> Uganda | C13: ='[1]2026 Orders'!C14 -> A4522 | D13: ='[1]2026 Orders'!D14 -> 0 | E13: {=IF(C13=0,"", HYPERLINK( "#'2026 Orders'!C"& MATCH(1, ('2026 Orders'!C:C=C13)* ('2026 Orders'!G:G=G13)* ('2026 Orders'!N:N=N13), 0), "Open "&C13 ))} -> Open A4522 | F13: ='[1]2026 Orders'!F14 -> 9/11/2025: product changed to RE 5/14/2026: Allocate to Cyprus A4675. | G13: ='[1]2026 Orders'!G14 -> FERTMX-90-RE | H13: {=IFERROR(_xlfn.TEXTJOIN("-",,INDEX(_xlfn.TEXTSPLIT(TableTake[[#This Row],[SKU]],"-"),{1,2})),"")} -> FERTMX-90 | I13: =IFERROR(_xlfn.TEXTAFTER(TableTake[[#This Row],[SKU]],"-",-1),"") -> RE | J13: ='[1]2026 Orders'!H14 -> 288 | K13: ='[1]2026 Orders'!I14 -> R16-22.0 | L13: ='[1]2026 Orders'!J14 -> 0 | N13: ='[1]2026 Orders'!L14 -> PO submitted | O13: ='[1]2026 Orders'!M14 -> 0 | P13: ='[1]2026 Orders'!N14 -> Y | Q13: ='[1]2026 Orders'!O14 -> 609788968726 | R13: ='[1]2026 Orders'!P14 -> 5000 | S13: ='[1]2026 Orders'!Q14 -> 5041 | T13: ='[1]2026 Orders'!R14 -> TBD | U13: ='[1]2026 Orders'!S14 -> Waiting for vendor confirmation. | ... Z13: ='[1]2026 Orders'!X14 -> 0 | AC13: =IF(OR(B13="",B13=0),"",J13&"/"&$AJ$2) -> 288/ | AD13: =IF(OR(J13="",J13=0),"",I13&" -> "&$AK$2) -> #VALUE!
A14: ='[1]2026 Orders'!A15 -> 45890 | B14: ='[1]2026 Orders'!B15 -> Uganda | C14: ='[1]2026 Orders'!C15 -> A4522 | D14: ='[1]2026 Orders'!D15 -> 0 | E14: {=IF(C14=0,"", HYPERLINK( "#'2026 Orders'!C"& MATCH(1, ('2026 Orders'!C:C=C14)* ('2026 Orders'!G:G=G14)* ('2026 Orders'!N:N=N14), 0), "Open "&C14 ))} -> Open A4522 | F14: ='[1]2026 Orders'!F15 -> 0 | G14: ='[1]2026 Orders'!G15 -> PRECON-90-FD | H14: {=IFERROR(_xlfn.TEXTJOIN("-",,INDEX(_xlfn.TEXTSPLIT(TableTake[[#This Row],[SKU]],"-"),{1,2})),"")} -> PRECON-90 | I14: =IFERROR(_xlfn.TEXTAFTER(TableTake[[#This Row],[SKU]],"-",-1),"") -> FD | J14: ='[1]2026 Orders'!H15 -> 120 | K14: ='[1]2026 Orders'!I15 -> F54-23.0 | L14: ='[1]2026 Orders'!J15 -> 120 | N14: ='[1]2026 Orders'!L15 -> Picked | O14: ='[1]2026 Orders'!M15 -> 0 | P14: ='[1]2026 Orders'!N15 -> NA | Q14: ='[1]2026 Orders'!O15 -> 609788968368 | R14: ='[1]2026 Orders'!P15 -> 7500 | S14: ='[1]2026 Orders'!Q15 -> 4714 | T14: ='[1]2026 Orders'!R15 -> complete | U14: ='[1]2026 Orders'!S15 -> 0 | ... Z14: ='[1]2026 Orders'!X15 -> 0 | AC14: =IF(OR(B14="",B14=0),"",J14&"/"&$AJ$2) -> 120/ | AD14: =IF(OR(J14="",J14=0),"",I14&" -> "&$AK$2) -> #VALUE!
A15: ='[1]2026 Orders'!A16 -> 45890 | B15: ='[1]2026 Orders'!B16 -> Uganda | C15: ='[1]2026 Orders'!C16 -> A4522 | D15: ='[1]2026 Orders'!D16 -> 0 | E15: {=IF(C15=0,"", HYPERLINK( "#'2026 Orders'!C"& MATCH(1, ('2026 Orders'!C:C=C15)* ('2026 Orders'!G:G=G15)* ('2026 Orders'!N:N=N15), 0), "Open "&C15 ))} -> Open A4522 | F15: ='[1]2026 Orders'!F16 -> 0 | G15: ='[1]2026 Orders'!G16 -> QWELL4-30-SG-FD | H15: {=IFERROR(_xlfn.TEXTJOIN("-",,INDEX(_xlfn.TEXTSPLIT(TableTake[[#This Row],[SKU]],"-"),{1,2})),"")} -> QWELL4-30 | I15: =IFERROR(_xlfn.TEXTAFTER(TableTake[[#This Row],[SKU]],"-",-1),"") -> FD | J15: ='[1]2026 Orders'!H16 -> 96 | K15: ='[1]2026 Orders'!I16 -> F58-25.3 | L15: ='[1]2026 Orders'!J16 -> 96 | N15: ='[1]2026 Orders'!L16 -> Picked | O15: ='[1]2026 Orders'!M16 -> 0 | P15: ='[1]2026 Orders'!N16 -> NA | Q15: ='[1]2026 Orders'!O16 -> 609788968214 | R15: ='[1]2026 Orders'!P16 -> 17633 | S15: ='[1]2026 Orders'!Q16 -> 4858 | T15: ='[1]2026 Orders'!R16 -> complete | U15: ='[1]2026 Orders'!S16 -> 0 | ... Z15: ='[1]2026 Orders'!X16 -> 0 | AC15: =IF(OR(B15="",B15=0),"",J15&"/"&$AJ$2) -> 96/ | AD15: =IF(OR(J15="",J15=0),"",I15&" -> "&$AK$2) -> #VALUE!
A16: ='[1]2026 Orders'!A17 -> 45890 | B16: ='[1]2026 Orders'!B17 -> Uganda | C16: ='[1]2026 Orders'!C17 -> A4522 | D16: ='[1]2026 Orders'!D17 -> 0 | E16: {=IF(C16=0,"", HYPERLINK( "#'2026 Orders'!C"& MATCH(1, ('2026 Orders'!C:C=C16)* ('2026 Orders'!G:G=G16)* ('2026 Orders'!N:N=N16), 0), "Open "&C16 ))} -> Open A4522 | F16: ='[1]2026 Orders'!F17 -> 0 | G16: ='[1]2026 Orders'!G17 -> PROSTA-90-FD | H16: {=IFERROR(_xlfn.TEXTJOIN("-",,INDEX(_xlfn.TEXTSPLIT(TableTake[[#This Row],[SKU]],"-"),{1,2})),"")} -> PROSTA-90 | I16: =IFERROR(_xlfn.TEXTAFTER(TableTake[[#This Row],[SKU]],"-",-1),"") -> FD | J16: ='[1]2026 Orders'!H17 -> 24 | K16: ='[1]2026 Orders'!I17 -> F56-23.0 | L16: ='[1]2026 Orders'!J17 -> 24 | N16: ='[1]2026 Orders'!L17 -> Picked | O16: ='[1]2026 Orders'!M17 -> 0 | P16: ='[1]2026 Orders'!N17 -> NA | Q16: ='[1]2026 Orders'!O17 -> 609788968504 | R16: ='[1]2026 Orders'!P17 -> 4000 | S16: ='[1]2026 Orders'!Q17 -> 4802 | T16: ='[1]2026 Orders'!R17 -> complete | U16: ='[1]2026 Orders'!S17 -> 0 | ... Z16: ='[1]2026 Orders'!X17 -> 0 | AC16: =IF(OR(B16="",B16=0),"",J16&"/"&$AJ$2) -> 24/ | AD16: =IF(OR(J16="",J16=0),"",I16&" -> "&$AK$2) -> #VALUE!
... A652: ='[1]2026 Orders'!A653 -> 0 | B652: ='[1]2026 Orders'!B653 -> 0 | C652: ='[1]2026 Orders'!C653 -> 0 | D652: ='[1]2026 Orders'!D653 -> 0 | E652: {=IF(C652=0,"", HYPERLINK( "#'2026 Orders'!C"& MATCH(1, ('2026 Orders'!C:C=C652)* ('2026 Orders'!G:G=G652)* ('2026 Orders'!N:N=N652), 0), "Open "&C652 ))} | F652: ='[1]2026 Orders'!F653 -> 0 | G652: ='[1]2026 Orders'!G653 -> 0 | H652: {=IFERROR(_xlfn.TEXTJOIN("-",,INDEX(_xlfn.TEXTSPLIT(TableTake[[#This Row],[SKU]],"-"),{1,2})),"")} | I652: =IFERROR(_xlfn.TEXTAFTER(TableTake[[#This Row],[SKU]],"-",-1),"") | J652: ='[1]2026 Orders'!H653 -> 0 | K652: ='[1]2026 Orders'!I653 -> 0 | L652: ='[1]2026 Orders'!J653 -> 0 | N652: ='[1]2026 Orders'!L653 -> 0 | O652: ='[1]2026 Orders'!M653 -> 0 | P652: ='[1]2026 Orders'!N653 -> 0 | Q652: ='[1]2026 Orders'!O653 -> 0 | R652: ='[1]2026 Orders'!P653 -> 0 | S652: ='[1]2026 Orders'!Q653 -> 0 | T652: ='[1]2026 Orders'!R653 -> 0 | U652: ='[1]2026 Orders'!S653 -> 0 | ... Z652: ='[1]2026 Orders'!X653 -> 0 | AC652: =IF(OR(B652="",B652=0),"",J652&"/"&$AJ$2) | AD652: =IF(OR(J652="",J652=0),"",I652&" -> "&$AK$2)

Sheet Allocation Dashboard (Give)
B1: Giving Opportunities | AG1: Product to Give | AK1: {=_xlfn.TEXTJOIN("-",,INDEX(_xlfn.TEXTSPLIT(AH2,"-"),{1,2}))} -> #VALUE!
A2: Date of Order | B2: Customer | C2: Order # | D2: Sales Personal Notes | E2: Order Details | F2: Notes: Include all notes week by week | G2: SKU | H2: Product | I2: Label | J2: QTY on Order | K2: Labels/IFC- Version/batch | L2: QTY Commited | M2: Column4 | N2: Status | O2: Notes | P2: IFC | Q2: UPC Code | R2: QTY on Order2 | S2: Item PO | T2: EST Manufacture Completion | U2: Notes: | V2: Lot Number | W2: Notes: Include all notes week by week3 | X2: Order ETA ** only for products in rework** | Y2: Date Completed D/W Sent | Z2: Status4 | AA2: Column2 | AB2: Column1 | AC2: QTY Fuffilled? | AD2: Peeling? | AE2: Column3 | AG2: SKU: | AI2: QTY: | AK2: =_xlfn.TEXTAFTER(AH2,"-", -1) -> #VALUE!
A3: ='[1]2026 Orders'!A4 -> 45726 | B3: ='[1]2026 Orders'!B4 -> China | C3: ='[1]2026 Orders'!C4 -> A4458 | D3: ='[1]2026 Orders'!D4 -> 0 | E3: {=IF(C3=0,"", HYPERLINK( "#'2026 Orders'!C"& MATCH(1, ('2026 Orders'!C:C=C3)* ('2026 Orders'!G:G=G3)* ('2026 Orders'!N:N=N3), 0), "Open "&C3 ))} -> Open A4458 | F3: ='[1]2026 Orders'!F4 -> 0 | G3: ='[1]2026 Orders'!G4 -> SELENIU-60-FD | H3: {=IFERROR(_xlfn.TEXTJOIN("-",,INDEX(_xlfn.TEXTSPLIT(TableGive[[#This Row],[SKU]],"-"),{1,2})),"")} -> SELENIU-60 | I3: =IFERROR(_xlfn.TEXTAFTER(TableGive[[#This Row],[SKU]],"-",-1),"") -> FD | J3: ='[1]2026 Orders'!H4 -> 200 | K3: ='[1]2026 Orders'!I4 -> F63-25.1 | L3: ='[1]2026 Orders'!J4 -> 0 | N3: ='[1]2026 Orders'!L4 -> D/W Sent | O3: ='[1]2026 Orders'!M4 -> 12/15 D/W Sent | P3: ='[1]2026 Orders'!N4 -> NA | Q3: ='[1]2026 Orders'!O4 -> 604776735762 | R3: ='[1]2026 Orders'!P4 -> 3000 | S3: ='[1]2026 Orders'!Q4 -> 4833 | T3: ='[1]2026 Orders'!R4 -> complete | U3: ='[1]2026 Orders'!S4 -> 0 | ... Z3: ='[1]2026 Orders'!X4 -> Approved 01/16/26 | AC3: =IF(OR(B3="",B3=0),"",$AJ$2&"/"&J3) -> /200 | AD3: =IF(OR(J3="",J3=0),"",$AK$2&" -> "&I3) -> #VALUE!
A4: ='[1]2026 Orders'!A5 -> 0 | B4: ='[1]2026 Orders'!B5 -> 0 | C4: ='[1]2026 Orders'!C5 -> 0 | D4: ='[1]2026 Orders'!D5 -> 0 | E4: {=IF(C4=0,"", HYPERLINK( "#'2026 Orders'!C"& MATCH(1, ('2026 Orders'!C:C=C4)* ('2026 Orders'!G:G=G4)* ('2026 Orders'!N:N=N4), 0), "Open "&C4 ))} | F4: ='[1]2026 Orders'!F5 -> 0 | G4: ='[1]2026 Orders'!G5 -> 0 | H4: {=IFERROR(_xlfn.TEXTJOIN("-",,INDEX(_xlfn.TEXTSPLIT(TableGive[[#This Row],[SKU]],"-"),{1,2})),"")} | I4: =IFERROR(_xlfn.TEXTAFTER(TableGive[[#This Row],[SKU]],"-",-1),"") | J4: ='[1]2026 Orders'!H5 -> 0 | K4: ='[1]2026 Orders'!I5 -> 0 | L4: ='[1]2026 Orders'!J5 -> 0 | N4: ='[1]2026 Orders'!L5 -> 0 | O4: ='[1]2026 Orders'!M5 -> 0 | P4: ='[1]2026 Orders'!N5 -> 0 | Q4: ='[1]2026 Orders'!O5 -> 0 | R4: ='[1]2026 Orders'!P5 -> 0 | S4: ='[1]2026 Orders'!Q5 -> 0 | T4: ='[1]2026 Orders'!R5 -> 0 | U4: ='[1]2026 Orders'!S5 -> 0 | ... Z4: ='[1]2026 Orders'!X5 -> 0 | AC4: =IF(OR(B4="",B4=0),"",$AJ$2&"/"&J4) | AD4: =IF(OR(J4="",J4=0),"",$AK$2&" -> "&I4)
A5: ='[1]2026 Orders'!A6 -> 45443 | B5: ='[1]2026 Orders'!B6 -> China | C5: ='[1]2026 Orders'!C6 -> A4425 | D5: ='[1]2026 Orders'!D6 -> 0 | E5: {=IF(C5=0,"", HYPERLINK( "#'2026 Orders'!C"& MATCH(1, ('2026 Orders'!C:C=C5)* ('2026 Orders'!G:G=G5)* ('2026 Orders'!N:N=N5), 0), "Open "&C5 ))} -> Open A4425 | F5: ='[1]2026 Orders'!F6 -> 0 | G5: ='[1]2026 Orders'!G6 -> VIACAL-60-FD | H5: {=IFERROR(_xlfn.TEXTJOIN("-",,INDEX(_xlfn.TEXTSPLIT(TableGive[[#This Row],[SKU]],"-"),{1,2})),"")} -> VIACAL-60 | I5: =IFERROR(_xlfn.TEXTAFTER(TableGive[[#This Row],[SKU]],"-",-1),"") -> FD | J5: ='[1]2026 Orders'!H6 -> 200 | K5: ='[1]2026 Orders'!I6 -> F66-22.1 | L5: ='[1]2026 Orders'!J6 -> 200 | N5: ='[1]2026 Orders'!L6 -> D/W Sent | O5: ='[1]2026 Orders'!M6 -> 01/13 D/W Sent | P5: ='[1]2026 Orders'!N6 -> NA | Q5: ='[1]2026 Orders'!O6 -> 609788968160 | R5: ='[1]2026 Orders'!P6 -> 2000 | S5: ='[1]2026 Orders'!Q6 -> 4661 | T5: ='[1]2026 Orders'!R6 -> complete | U5: ='[1]2026 Orders'!S6 -> 0 | ... Z5: ='[1]2026 Orders'!X6 -> Approved | AC5: =IF(OR(B5="",B5=0),"",$AJ$2&"/"&J5) -> /200 | AD5: =IF(OR(J5="",J5=0),"",$AK$2&" -> "&I5) -> #VALUE!
A6: ='[1]2026 Orders'!A7 -> 0 | B6: ='[1]2026 Orders'!B7 -> 0 | C6: ='[1]2026 Orders'!C7 -> 0 | D6: ='[1]2026 Orders'!D7 -> 0 | E6: {=IF(C6=0,"", HYPERLINK( "#'2026 Orders'!C"& MATCH(1, ('2026 Orders'!C:C=C6)* ('2026 Orders'!G:G=G6)* ('2026 Orders'!N:N=N6), 0), "Open "&C6 ))} | F6: ='[1]2026 Orders'!F7 -> 0 | G6: ='[1]2026 Orders'!G7 -> 0 | H6: {=IFERROR(_xlfn.TEXTJOIN("-",,INDEX(_xlfn.TEXTSPLIT(TableGive[[#This Row],[SKU]],"-"),{1,2})),"")} | I6: =IFERROR(_xlfn.TEXTAFTER(TableGive[[#This Row],[SKU]],"-",-1),"") | J6: ='[1]2026 Orders'!H7 -> 0 | K6: ='[1]2026 Orders'!I7 -> 0 | L6: ='[1]2026 Orders'!J7 -> 0 | N6: ='[1]2026 Orders'!L7 -> 0 | O6: ='[1]2026 Orders'!M7 -> 0 | P6: ='[1]2026 Orders'!N7 -> 0 | Q6: ='[1]2026 Orders'!O7 -> 0 | R6: ='[1]2026 Orders'!P7 -> 0 | S6: ='[1]2026 Orders'!Q7 -> 0 | T6: ='[1]2026 Orders'!R7 -> 0 | U6: ='[1]2026 Orders'!S7 -> 0 | ... Z6: ='[1]2026 Orders'!X7 -> 0 | AC6: =IF(OR(B6="",B6=0),"",$AJ$2&"/"&J6) | AD6: =IF(OR(J6="",J6=0),"",$AK$2&" -> "&I6)
A7: ='[1]2026 Orders'!A8 -> 45589 | B7: ='[1]2026 Orders'!B8 -> UAE | C7: ='[1]2026 Orders'!C8 -> A4624 | D7: ='[1]2026 Orders'!D8 -> Under going registration in UAE 5/13/2026: UAE unable to take, exploring if other clients can take product. | E7: {=IF(C7=0,"", HYPERLINK( "#'2026 Orders'!C"& MATCH(1, ('2026 Orders'!C:C=C7)* ('2026 Orders'!G:G=G7)* ('2026 Orders'!N:N=N7), 0), "Open "&C7 ))} -> #N/A | F7: ='[1]2026 Orders'!F8 -> 6/13/2025: products added from UAE A4393 9/5/2025: 96 packs allocated to Amazon 9/18/2025: Moved from A4445 | G7: ='[1]2026 Orders'!G8 -> NERUFLX-60-FD | H7: {=IFERROR(_xlfn.TEXTJOIN("-",,INDEX(_xlfn.TEXTSPLIT(TableGive[[#This Row],[SKU]],"-"),{1,2})),"")} -> NERUFLX-60 | I7: =IFERROR(_xlfn.TEXTAFTER(TableGive[[#This Row],[SKU]],"-",-1),"") -> FD | J7: ='[1]2026 Orders'!H8 -> 1054 | K7: ='[1]2026 Orders'!I8 -> F115-25.0 | L7: ='[1]2026 Orders'!J8 -> 1054 | N7: ='[1]2026 Orders'!L8 -> Sales Action Needed | O7: ='[1]2026 Orders'!M8 -> 01/20 D/W Sent | P7: ='[1]2026 Orders'!N8 -> Y | Q7: ='[1]2026 Orders'!O8 -> 810131193164 | R7: ='[1]2026 Orders'!P8 -> 2500 | S7: ='[1]2026 Orders'!Q8 -> 4524 | T7: ='[1]2026 Orders'!R8 -> complete | U7: ='[1]2026 Orders'!S8 -> 0 | ... Z7: ='[1]2026 Orders'!X8 -> HOLD | AC7: =IF(OR(B7="",B7=0),"",$AJ$2&"/"&J7) -> /1054 | AD7: =IF(OR(J7="",J7=0),"",$AK$2&" -> "&I7) -> #VALUE!
A8: ='[1]2026 Orders'!A9 -> 46058 | B8: ='[1]2026 Orders'!B9 -> 0 | C8: ='[1]2026 Orders'!C9 -> A4553 | D8: ='[1]2026 Orders'!D9 -> 5/13/2026: *DO NOT PREPARE ORDER FOR SHIPMENT YET: ADDITIONAL PRODUCTS TO BE ADDED* | E8: {=IF(C8=0,"", HYPERLINK( "#'2026 Orders'!C"& MATCH(1, ('2026 Orders'!C:C=C8)* ('2026 Orders'!G:G=G8)* ('2026 Orders'!N:N=N8), 0), "Open "&C8 ))} -> #N/A | F8: ='[1]2026 Orders'!F9 -> 3/30/2026: Moved from UAE A4644 | G8: ='[1]2026 Orders'!G9 -> MFSPLS-120-RE | H8: {=IFERROR(_xlfn.TEXTJOIN("-",,INDEX(_xlfn.TEXTSPLIT(TableGive[[#This Row],[SKU]],"-"),{1,2})),"")} -> MFSPLS-120 | I8: =IFERROR(_xlfn.TEXTAFTER(TableGive[[#This Row],[SKU]],"-",-1),"") -> RE | J8: ='[1]2026 Orders'!H9 -> 1050 | K8: ='[1]2026 Orders'!I9 -> 0 | L8: ='[1]2026 Orders'!J9 -> 1050 | N8: ='[1]2026 Orders'!L9 -> Picked | O8: ='[1]2026 Orders'!M9 -> 0 | P8: ='[1]2026 Orders'!N9 -> NA | Q8: ='[1]2026 Orders'!O9 -> 609788968344 | R8: ='[1]2026 Orders'!P9 -> 7000 | S8: ='[1]2026 Orders'!Q9 -> 4935 | T8: ='[1]2026 Orders'!R9 -> complete | U8: ='[1]2026 Orders'!S9 -> 0 | ... Z8: ='[1]2026 Orders'!X9 -> 0 | AC8: =IF(OR(B8="",B8=0),"",$AJ$2&"/"&J8) | AD8: =IF(OR(J8="",J8=0),"",$AK$2&" -> "&I8) -> #VALUE!
A9: ='[1]2026 Orders'!A10 -> 45880 | B9: ='[1]2026 Orders'!B10 -> Kuwait | C9: ='[1]2026 Orders'!C10 -> A4562 | D9: ='[1]2026 Orders'!D10 -> 5/11/2026: Order on hold | E9: {=IF(C9=0,"", HYPERLINK( "#'2026 Orders'!C"& MATCH(1, ('2026 Orders'!C:C=C9)* ('2026 Orders'!G:G=G9)* ('2026 Orders'!N:N=N9), 0), "Open "&C9 ))} -> Open A4562 | F9: ='[1]2026 Orders'!F10 -> 11/3/2025: Waiting for registration 11/5/2025: Allocated 500 packs to UAE A4521 | G9: ='[1]2026 Orders'!G10 -> EYECAP-30-FD | H9: {=IFERROR(_xlfn.TEXTJOIN("-",,INDEX(_xlfn.TEXTSPLIT(TableGive[[#This Row],[SKU]],"-"),{1,2})),"")} -> EYECAP-30 | I9: =IFERROR(_xlfn.TEXTAFTER(TableGive[[#This Row],[SKU]],"-",-1),"") -> FD | J9: ='[1]2026 Orders'!H10 -> 500 | K9: ='[1]2026 Orders'!I10 -> F15-26.0 | L9: ='[1]2026 Orders'!J10 -> 0 | N9: ='[1]2026 Orders'!L10 -> ON HOLD | O9: ='[1]2026 Orders'!M10 -> 0 | P9: ='[1]2026 Orders'!N10 -> Y | Q9: ='[1]2026 Orders'!O10 -> 609788968443 | R9: ='[1]2026 Orders'!P10 -> 0 | S9: ='[1]2026 Orders'!Q10 -> 0 | T9: ='[1]2026 Orders'!R10 -> 0 | U9: ='[1]2026 Orders'!S10 -> MOQ 5000 | ... Z9: ='[1]2026 Orders'!X10 -> HOLD | AC9: =IF(OR(B9="",B9=0),"",$AJ$2&"/"&J9) -> /500 | AD9: =IF(OR(J9="",J9=0),"",$AK$2&" -> "&I9) -> #VALUE!
A10: ='[1]2026 Orders'!A11 -> 46141 | B10: ='[1]2026 Orders'!B11 -> UAE | C10: ='[1]2026 Orders'!C11 -> A4553 | D10: ='[1]2026 Orders'!D11 -> 0 | E10: {=IF(C10=0,"", HYPERLINK( "#'2026 Orders'!C"& MATCH(1, ('2026 Orders'!C:C=C10)* ('2026 Orders'!G:G=G10)* ('2026 Orders'!N:N=N10), 0), "Open "&C10 ))} -> #N/A | F10: ='[1]2026 Orders'!F11 -> 4/29/2026: Product added 5/4/2026: Qty changed 183 -> 182 | G10: ='[1]2026 Orders'!G11 -> POLYSIT-90-RE | H10: {=IFERROR(_xlfn.TEXTJOIN("-",,INDEX(_xlfn.TEXTSPLIT(TableGive[[#This Row],[SKU]],"-"),{1,2})),"")} -> POLYSIT-90 | I10: =IFERROR(_xlfn.TEXTAFTER(TableGive[[#This Row],[SKU]],"-",-1),"") -> RE | J10: ='[1]2026 Orders'!H11 -> 182 | K10: ='[1]2026 Orders'!I11 -> 0 | L10: ='[1]2026 Orders'!J11 -> 182 | N10: ='[1]2026 Orders'!L11 -> 0 | O10: ='[1]2026 Orders'!M11 -> 182 available Lot: 49311125 | P10: ='[1]2026 Orders'!N11 -> Y | Q10: ='[1]2026 Orders'!O11 -> 609788969006 | R10: ='[1]2026 Orders'!P11 -> 0 | S10: ='[1]2026 Orders'!Q11 -> 0 | T10: ='[1]2026 Orders'!R11 -> 0 | U10: ='[1]2026 Orders'!S11 -> 0 | ... Z10: ='[1]2026 Orders'!X11 -> 0 | AC10: =IF(OR(B10="",B10=0),"",$AJ$2&"/"&J10) -> /182 | AD10: =IF(OR(J10="",J10=0),"",$AK$2&" -> "&I10) -> #VALUE!
A11: ='[1]2026 Orders'!A12 -> 45890 | B11: ='[1]2026 Orders'!B12 -> Uganda | C11: ='[1]2026 Orders'!C12 -> A4522 | D11: ='[1]2026 Orders'!D12 -> 0 | E11: {=IF(C11=0,"", HYPERLINK( "#'2026 Orders'!C"& MATCH(1, ('2026 Orders'!C:C=C11)* ('2026 Orders'!G:G=G11)* ('2026 Orders'!N:N=N11), 0), "Open "&C11 ))} -> Open A4522 | F11: ='[1]2026 Orders'!F12 -> 0 | G11: ='[1]2026 Orders'!G12 -> SPERMCT-60-FD | H11: {=IFERROR(_xlfn.TEXTJOIN("-",,INDEX(_xlfn.TEXTSPLIT(TableGive[[#This Row],[SKU]],"-"),{1,2})),"")} -> SPERMCT-60 | I11: =IFERROR(_xlfn.TEXTAFTER(TableGive[[#This Row],[SKU]],"-",-1),"") -> FD | J11: ='[1]2026 Orders'!H12 -> 96 | K11: ='[1]2026 Orders'!I12 -> F64-25.0 | L11: ='[1]2026 Orders'!J12 -> 96 | N11: ='[1]2026 Orders'!L12 -> Picked | O11: ='[1]2026 Orders'!M12 -> 0 | P11: ='[1]2026 Orders'!N12 -> NA | Q11: ='[1]2026 Orders'!O12 -> 609788968405 | R11: ='[1]2026 Orders'!P12 -> 5500 | S11: ='[1]2026 Orders'!Q12 -> 4850 | T11: ='[1]2026 Orders'!R12 -> complete | U11: ='[1]2026 Orders'!S12 -> 0 | ... Z11: ='[1]2026 Orders'!X12 -> HOLD | AC11: =IF(OR(B11="",B11=0),"",$AJ$2&"/"&J11) -> /96 | AD11: =IF(OR(J11="",J11=0),"",$AK$2&" -> "&I11) -> #VALUE!
A12: ='[1]2026 Orders'!A13 -> 45890 | B12: ='[1]2026 Orders'!B13 -> Uganda | C12: ='[1]2026 Orders'!C13 -> A4522 | D12: ='[1]2026 Orders'!D13 -> 0 | E12: {=IF(C12=0,"", HYPERLINK( "#'2026 Orders'!C"& MATCH(1, ('2026 Orders'!C:C=C12)* ('2026 Orders'!G:G=G12)* ('2026 Orders'!N:N=N12), 0), "Open "&C12 ))} -> Open A4522 | F12: ='[1]2026 Orders'!F13 -> 5/12/2026: Allocating to Lebanon A4690. | G12: ='[1]2026 Orders'!G13 -> WFSPLS-180-FD | H12: {=IFERROR(_xlfn.TEXTJOIN("-",,INDEX(_xlfn.TEXTSPLIT(TableGive[[#This Row],[SKU]],"-"),{1,2})),"")} -> WFSPLS-180 | I12: =IFERROR(_xlfn.TEXTAFTER(TableGive[[#This Row],[SKU]],"-",-1),"") -> FD | J12: ='[1]2026 Orders'!H13 -> 120 | K12: ='[1]2026 Orders'!I13 -> F73-23.0 | L12: ='[1]2026 Orders'!J13 -> 120 | N12: ='[1]2026 Orders'!L13 -> PO Drafted | O12: ='[1]2026 Orders'!M13 -> 46012 | P12: ='[1]2026 Orders'!N13 -> NA | Q12: ='[1]2026 Orders'!O13 -> 609788968351 | R12: ='[1]2026 Orders'!P13 -> 5000 | S12: ='[1]2026 Orders'!Q13 -> 5043 | T12: ='[1]2026 Orders'!R13 -> TBD | U12: ='[1]2026 Orders'!S13 -> Pending approval to send to vendor | ... Z12: ='[1]2026 Orders'!X13 -> 0 | AC12: =IF(OR(B12="",B12=0),"",$AJ$2&"/"&J12) -> /120 | AD12: =IF(OR(J12="",J12=0),"",$AK$2&" -> "&I12) -> #VALUE!
A13: ='[1]2026 Orders'!A14 -> 45890 | B13: ='[1]2026 Orders'!B14 -> Uganda | C13: ='[1]2026 Orders'!C14 -> A4522 | D13: ='[1]2026 Orders'!D14 -> 0 | E13: {=IF(C13=0,"", HYPERLINK( "#'2026 Orders'!C"& MATCH(1, ('2026 Orders'!C:C=C13)* ('2026 Orders'!G:G=G13)* ('2026 Orders'!N:N=N13), 0), "Open "&C13 ))} -> Open A4522 | F13: ='[1]2026 Orders'!F14 -> 9/11/2025: product changed to RE 5/14/2026: Allocate to Cyprus A4675. | G13: ='[1]2026 Orders'!G14 -> FERTMX-90-RE | H13: {=IFERROR(_xlfn.TEXTJOIN("-",,INDEX(_xlfn.TEXTSPLIT(TableGive[[#This Row],[SKU]],"-"),{1,2})),"")} -> FERTMX-90 | I13: =IFERROR(_xlfn.TEXTAFTER(TableGive[[#This Row],[SKU]],"-",-1),"") -> RE | J13: ='[1]2026 Orders'!H14 -> 288 | K13: ='[1]2026 Orders'!I14 -> R16-22.0 | L13: ='[1]2026 Orders'!J14 -> 0 | N13: ='[1]2026 Orders'!L14 -> PO submitted | O13: ='[1]2026 Orders'!M14 -> 0 | P13: ='[1]2026 Orders'!N14 -> Y | Q13: ='[1]2026 Orders'!O14 -> 609788968726 | R13: ='[1]2026 Orders'!P14 -> 5000 | S13: ='[1]2026 Orders'!Q14 -> 5041 | T13: ='[1]2026 Orders'!R14 -> TBD | U13: ='[1]2026 Orders'!S14 -> Waiting for vendor confirmation. | ... Z13: ='[1]2026 Orders'!X14 -> 0 | AC13: =IF(OR(B13="",B13=0),"",$AJ$2&"/"&J13) -> /288 | AD13: =IF(OR(J13="",J13=0),"",$AK$2&" -> "&I13) -> #VALUE!
A14: ='[1]2026 Orders'!A15 -> 45890 | B14: ='[1]2026 Orders'!B15 -> Uganda | C14: ='[1]2026 Orders'!C15 -> A4522 | D14: ='[1]2026 Orders'!D15 -> 0 | E14: {=IF(C14=0,"", HYPERLINK( "#'2026 Orders'!C"& MATCH(1, ('2026 Orders'!C:C=C14)* ('2026 Orders'!G:G=G14)* ('2026 Orders'!N:N=N14), 0), "Open "&C14 ))} -> Open A4522 | F14: ='[1]2026 Orders'!F15 -> 0 | G14: ='[1]2026 Orders'!G15 -> PRECON-90-FD | H14: {=IFERROR(_xlfn.TEXTJOIN("-",,INDEX(_xlfn.TEXTSPLIT(TableGive[[#This Row],[SKU]],"-"),{1,2})),"")} -> PRECON-90 | I14: =IFERROR(_xlfn.TEXTAFTER(TableGive[[#This Row],[SKU]],"-",-1),"") -> FD | J14: ='[1]2026 Orders'!H15 -> 120 | K14: ='[1]2026 Orders'!I15 -> F54-23.0 | L14: ='[1]2026 Orders'!J15 -> 120 | N14: ='[1]2026 Orders'!L15 -> Picked | O14: ='[1]2026 Orders'!M15 -> 0 | P14: ='[1]2026 Orders'!N15 -> NA | Q14: ='[1]2026 Orders'!O15 -> 609788968368 | R14: ='[1]2026 Orders'!P15 -> 7500 | S14: ='[1]2026 Orders'!Q15 -> 4714 | T14: ='[1]2026 Orders'!R15 -> complete | U14: ='[1]2026 Orders'!S15 -> 0 | ... Z14: ='[1]2026 Orders'!X15 -> 0 | AC14: =IF(OR(B14="",B14=0),"",$AJ$2&"/"&J14) -> /120 | AD14: =IF(OR(J14="",J14=0),"",$AK$2&" -> "&I14) -> #VALUE!
... A652: ='[1]2026 Orders'!A653 -> 0 | B652: ='[1]2026 Orders'!B653 -> 0 | C652: ='[1]2026 Orders'!C653 -> 0 | D652: ='[1]2026 Orders'!D653 -> 0 | E652: {=IF(C652=0,"", HYPERLINK( "#'2026 Orders'!C"& MATCH(1, ('2026 Orders'!C:C=C652)* ('2026 Orders'!G:G=G652)* ('2026 Orders'!N:N=N652), 0), "Open "&C652 ))} | F652: ='[1]2026 Orders'!F653 -> 0 | G652: ='[1]2026 Orders'!G653 -> 0 | H652: {=IFERROR(_xlfn.TEXTJOIN("-",,INDEX(_xlfn.TEXTSPLIT(TableGive[[#This Row],[SKU]],"-"),{1,2})),"")} | I652: =IFERROR(_xlfn.TEXTAFTER(TableGive[[#This Row],[SKU]],"-",-1),"") | J652: ='[1]2026 Orders'!H653 -> 0 | K652: ='[1]2026 Orders'!I653 -> 0 | L652: ='[1]2026 Orders'!J653 -> 0 | N652: ='[1]2026 Orders'!L653 -> 0 | O652: ='[1]2026 Orders'!M653 -> 0 | P652: ='[1]2026 Orders'!N653 -> 0 | Q652: ='[1]2026 Orders'!O653 -> 0 | R652: ='[1]2026 Orders'!P653 -> 0 | S652: ='[1]2026 Orders'!Q653 -> 0 | T652: ='[1]2026 Orders'!R653 -> 0 | U652: ='[1]2026 Orders'!S653 -> 0 | ... Z652: ='[1]2026 Orders'!X653 -> 0 | AC652: =IF(OR(B652="",B652=0),"",$AJ$2&"/"&J652) | AD652: =IF(OR(J652="",J652=0),"",$AK$2&" -> "&I652)

Sheet 2026 Orders
B1: Customer | C1: Order # | D1: Sales Personal Notes | E1: Order Notes | F1: Notes: Include all notes week by week | G1: SKU | H1: Product | I1: Label | J1: QTY on Order | K1: Labels/IFC- Version/batch | L1: QTY Commited | M1: QTY Needed | N1: Status | Q1: ANALYSIS DIRECTIONS: 1. Click any cell related to desired product 2. Click the button of desired analysis
B2: China | C2: A4458 | D2: 0 | E2: 5/20/2025: Back order created for China A4412 11/3/2025: PediaFl removed 1/14/2025 Documents & D/Ws Sent | F2: 0 | G2: SELENIU-60-FD | H2: SELENIU-60 | I2: FD | J2: 200 | K2: F63-25.1 | L2: 0 | M2: 200 | N2: D/W Sent
B3: 0 | C3: 0 | D3: 0 | E3: 0 | F3: 0 | G3: 0 | J3: 0 | K3: 0 | L3: 0 | M3: 0 | N3: 0
B4: China | C4: A4425 | D4: 0 | E4: 07/29/2024: Back order for China A4259 3/20/2025: Back order from A4281 8/22/2025: Docs & D/Ws Sent 11/7/2025: Pedia Products removed 12/12/2025: prosta moved to A4607 1/13/2025: Updated Documents and D/Ws Sent | F4: 0 | G4: VIACAL-60-FD | H4: VIACAL-60 | I4: FD | J4: 200 | K4: F66-22.1 | L4: 200 | M4: 0 | N4: D/W Sent
B5: 0 | C5: 0 | D5: 0 | E5: 0 | F5: 0 | G5: 0 | J5: 0 | K5: 0 | L5: 0 | M5: 0 | N5: 0
B6: UAE | C6: A4624 | D6: Under going registration in UAE 5/13/2026: UAE unable to take, exploring if other clients can take product. | E6: Split from UAE A4553 because product is undergoing registration | F6: 6/13/2025: products added from UAE A4393 9/5/2025: 96 packs allocated to Amazon 9/18/2025: Moved from A4445 | G6: NERUFLX-60-FD | H6: NERUFLX-60 | I6: FD | J6: 1054 | K6: F115-25.0 | L6: 1054 | M6: 0 | N6: D/W Sent
B7: 0 | C7: 0 | D7: 0 | E7: 0 | F7: 0 | G7: 0 | J7: 0 | K7: 0 | L7: 0 | M7: 0 | N7: 0
B8: Kuwait | C8: A4562 | D8: 5/11/2026: Order on hold | E8: 11/3/2025: 2025 Back Order for Kuwait A4505 **MUST BE GREEN CAPSULE** | F8: 11/3/2025: Waiting for registration 11/5/2025: Allocated 500 packs to UAE A4521 | G8: EYECAP-30-FD | H8: EYECAP-30 | I8: FD | J8: 500 | K8: F15-26.0 | L8: 0 | M8: 500 | N8: ON HOLD
B9: 0 | C9: 0 | D9: 0 | E9: 0 | F9: 0 | G9: 0 | J9: 0 | K9: 0 | L9: 0 | M9: 0 | N9: 0
B10: Uganda | C10: A4522 | D10: 0 | E10: 9/10/2025- Split from A4507 10/30/2025: Documents Sent 11/3/2025: Estimate W/Ds Sent 12/12/2025 Documents sent 12/21/2025 Final D/Ws Sent **UPDATED DOCS NEEDED** | F10: 0 | G10: SPERMCT-60-FD | H10: SPERMCT-60 | I10: FD | J10: 96 | K10: F64-25.0 | L10: 96 | M10: 0 | N10: Picked
B11: Uganda | C11: A4522 | D11: 0 | E11: 0 | F11: 5/12/2026: Allocating to Lebanon A4690. | G11: WFSPLS-180-FD | H11: WFSPLS-180 | I11: FD | J11: 120 | K11: F73-23.0 | L11: 120 | M11: 0 | N11: PO Drafted
B12: Uganda | C12: A4522 | D12: 0 | E12: 0 | F12: 9/11/2025: product changed to RE 5/14/2026: Allocate to Cyprus A4675. | G12: FERTMX-90-RE | H12: FERTMX-90 | I12: RE | J12: 288 | K12: R16-22.0 | L12: 0 | M12: 288 | N12: PO submitted
B13: Uganda | C13: A4522 | D13: 0 | E13: 0 | F13: 0 | G13: PRECON-90-FD | H13: PRECON-90 | I13: FD | J13: 120 | K13: F54-23.0 | L13: 120 | M13: 0 | N13: Picked
B14: Uganda | C14: A4522 | D14: 0 | E14: 0 | F14: 0 | G14: QWELL4-30-SG-FD | H14: QWELL4-30 | I14: FD | J14: 96 | K14: F58-25.3 | L14: 96 | M14: 0 | N14: Picked
B15: Uganda | C15: A4522 | D15: 0 | E15: 0 | F15: 0 | G15: PROSTA-90-FD | H15: PROSTA-90 | I15: FD | J15: 24 | K15: F56-23.0 | L15: 24 | M15: 0 | N15: Picked
B16: Uganda | C16: A4522 | D16: 0 | E16: 0 | F16: 12/4/2025: Moved From UgandaA4534 4/9/2026: 192 packs of Ovamax allocated to Bahrain A4685 | G16: OVAMAX-120-FD | H16: OVAMAX-120 | I16: FD | J16: 192 | K16: F41-25.0 | L16: 0 | M16: 192 | N16: In Production
B17: Uganda | C17: A4522 | D17: 0 | E17: 0 | F17: 0 | G17: WFSPLS-180-FD | H17: WFSPLS-180 | I17: FD | J17: 48 | K17: F73-23.0 | L17: 0 | M17: 48 | N17: Picked
B18: Uganda | C18: A4522 | D18: 0 | E18: 0 | F18: 0 | G18: FERTMX-90-RE | H18: FERTMX-90 | I18: RE | J18: 40 | K18: R16-22.0 | L18: 40 | M18: 0 | N18: Picked
B19: Uganda | C19: A4522 | D19: 0 | E19: 0 | F19: 4/2/2026: FERTMX-90-RE 200 packs allocated to Doreen A4678 | G19: FERTMX-90-RE | H19: FERTMX-90 | I19: RE | J19: 200 | K19: R16-22.0 | L19: 0 | M19: 200 | N19: PO submitted
B20: Uganda | C20: A4522 | D20: 2/11/2026: Updated IFC to Y after IFC scrub. | E20: 0 | F20: 0 | G20: PENAMAX-60-GE-FD | H20: PENAMAX-60 | I20: FD | J20: 96 | K20: F88-25.1 | L20: 96 | M20: 0 | N20: Picked
B21: Uganda | C21: A4522 | D21: 0 | E21: 0 | F21: 03/10/26 Product allocated to Somalia A4655 | G21: DHEA50-60-FD | H21: DHEA50-60 | I21: FD | J21: 72 | K21: F13-25.2 | L21: 0 | M21: 72 | N21: In Production
B22: Uganda | C22: A4522 | D22: 0 | E22: 0 | F22: 12/4/2025: Moved From UgandaA4534 | G22: QWELL4-30-SG-FD | H22: QWELL4-30 | I22: FD | J22: 48 | K22: F58-25.3 | L22: 48 | M22: 0 | N22: Picked
B23: Uganda | C23: A4522 | D23: 0 | E23: 0 | F23: 0 | G23: PRECON-180-FD | H23: PRECON-180 | I23: FD | J23: 50 | K23: F55-22.2 | L23: 0 | M23: 50 | N23: In Production
B24: 0 | C24: 0 | D24: 0 | E24: 0 | F24: 0 | G24: 0 | J24: 0 | K24: 0 | L24: 0 | M24: 0 | N24: 0
B25: Morocco | C25: A4518 | D25: Awaiting customer update | E25: Sample Order: Use plain white labels with only the product name and batch number 9/8/2025: Documents Sent 9/29/2025: Docs & D/Ws Sent 10/17/2025: NMNH Added | F25: 0 | G25: MOTILMX-60-FD | H25: MOTILMX-60 | I25: FD | J25: 1 | K25: F31-23.0 | L25: 1 | M25: 0 | N25: D/W Sent
B26: Morocco | C26: A4518 | D26: 0 | E26: 0 | F26: 0 | G26: MFSPLS-60-FD | H26: MFSPLS-60 | I26: FD | J26: 1 | K26: F29-25.0 | L26: 1 | M26: 0 | N26: D/W Sent
B27: Morocco | C27: A4518 | D27: 0 | E27: 0 | F27: 0 | G27: MFSPLS-120-FD | H27: MFSPLS-120 | I27: FD | J27: 1 | K27: F30-25.1 | L27: 1 | M27: 0 | N27: D/W Sent
B28: Morocco | C28: A4518 | D28: 0 | E28: 0 | F28: 0 | G28: POLYSIT-90-FD | H28: POLYSIT-90 | I28: FD | J28: 1 | K28: F53-14.0 | L28: 1 | M28: 0 | N28: D/W Sent
B29: Morocco | C29: A4518 | D29: 0 | E29: 0 | F29: 0 | G29: PENAMAX-60-GE-FD | H29: PENAMAX-60 | I29: FD | J29: 1 | K29: F88-25.1 | L29: 1 | M29: 0 | N29: D/W Sent
B30: Morocco | C30: A4518 | D30: 0 | E30: 0 | F30: 0 | G30: FERTMX-90-RE | H30: FERTMX-90 | I30: RE | J30: 1 | K30: R16-22.0 | L30: 1 | M30: 0 | N30: D/W Sent
B31: Morocco | C31: A4518 | D31: 0 | E31: 0 | F31: 0 | G31: OVAMAX-120-FD | H31: OVAMAX-120 | I31: FD | J31: 1 | K31: F41-25.0 | L31: 1 | M31: 0 | N31: D/W Sent
B32: Morocco | C32: A4518 | D32: 0 | E32: 0 | F32: 10/17/2025: Added to order | G32: NMNH-60-FD | H32: NMNH-60 | I32: FD | J32: 3 | K32: F114-25.0 | L32: 3 | M32: 0 | N32: D/W Sent
B33: 0 | C33: 0 | D33: 0 | E33: 0 | F33: 0 | G33: 0 | J33: 0 | K33: 0 | L33: 0 | M33: 0 | N33: 0
B34: China | C34: A4637 | D34: 0 | E34: 1/27/2025: split order from China A4520 due to registration issues 2/2/2026: Documents and D/Ws sent | F34: 9/29/2025: Sku updated | G34: OVAMAXPLUS-120-CS-CN | H34: OVAMAXPLUS-120 | I34: CN | J34: 1100 | K34: CN41-25.0 | L34: 1100 | M34: 0 | N34: D/W Sent
B35: 0 | C35: 0 | D35: 0 | E35: 0 | F35: 0 | G35: 0 | J35: 0 | K35: 0 | L35: 0 | M35: 0 | N35: 0
B36: Jordan | C36: A4646 | D36: 6/1/2026: Products arriving to AMS warehouse on 6/4/2026. | E36: Jordan Sample Count Order (5-day Supply) 3/11/2026: Documents sent 5/5/2026: D/W sent | F36: 0 | G36: FIBRO-10-CS-JO | H36: FIBRO-10 | I36: JO | J36: 420 | K36: JO130-25.0 | L36: 0 | M36: 420 | N36: Available
B37: Jordan | C37: A4646 | D37: 0 | E37: 0 | F37: 0 | G37: WFSPLS-30-CS-JO | H37: WFSPLS-30 | I37: JO | J37: 345 | K37: JO132-25.1 | L37: 0 | M37: 345 | N37: Available
B38: Jordan | C38: A4646 | D38: 0 | E38: 0 | F38: 0 | G38: OVAMAX-20-CS-JO | H38: OVAMAX-20 | I38: JO | J38: 300 | K38: JO131-25.0 | L38: 0 | M38: 300 | N38: Available
B39: Jordan | C39: A4646 | D39: 0 | E39: 0 | F39: 0 | G39: DHEA50-5-CS-JO | H39: DHEA50-5 | I39: JO | J39: 300 | K39: JO133-25.0 | L39: 0 | M39: 300 | N39: Available
B40: 0 | C40: 0 | D40: 0 | E40: 0 | F40: 0 | G40: 0 | J40: 0 | K40: 0 | L40: 0 | M40: 0 | N40: 0
B41: Ethiopia | C41: A4591 | D41: 12/23/2025 | E41: 11/26/2025: Back order Created for EthiopiaA4519 and A4532 to Applying for Import Permit 12/1/2025: Skus confirmed 1/13/2025: Documents and D/Ws sent **UPDATED DOCS NEEDED** | F41: 11/26/2025: Moved 817 bottles from A4532 5/21/2026: Allocating 817 pcs to Egypt A4683. | G41: MFSPLS-120-FD | H41: MFSPLS-120 | I41: FD | J41: 817 | K41: F30-25.1 | L41: 817 | M41: 0 | N41: In Production
B42: Ethiopia | C42: A4591 | E42: 0 | F42: 11/26/2025: Moved 77 bottles from A4532 | G42: WFSPLS-180-FD | H42: WFSPLS-180 | I42: FD | J42: 77 | K42: F73-23.0 | L42: 77 | M42: 0 | N42: Picked
B43: Ethiopia | C43: A4591 | E43: 0 | F43: 11/26/2025: Moved 480 bottles from A4532 | G43: OVAMAX-120-FD | H43: OVAMAX-120 | I43: FD | J43: 480 | K43: F41-25.0 | L43: 0 | M43: 480 | N43: Picked
B44: Ethiopia | C44: A4591 | E44: 0 | F44: 11/26/2025: Moved 720 bottles from A4532 6/1/2026: Allocating 528 bottles to Cyprus A4676. | G44: FERTMX-90-RE | H44: FERTMX-90 | I44: RE | J44: 528 | K44: R16-22.0 | L44: 528 | M44: 0 | N44: PO submitted
B45: Ethiopia | C45: A4591 | D45: 0 | E45: 0 | F45: 0 | G45: FERTMX-90-RE | H45: FERTMX-90 | I45: RE | J45: 192 | K45: R16-22.0 | L45: 192 | M45: 0 | N45: Picked
B46: Ethiopia | C46: A4591 | D46: 0 | E46: 0 | F46: 11/26/2025: Moved 120 bottles from A4532 5/21/2026: Allocating 120 packs to Somalia A4686 | G46: DHEA50-60-FD | H46: DHEA50-60 | I46: FD | J46: 120 | K46: F14-25.2 | L46: 120 | M46: 0 | N46: In Production
B47: Ethiopia | C47: A4591 | E47: 0 | F47: 11/26/2025: Moved 205 bottles from A4532 | G47: PENAMAX-60-GE-FD | H47: PENAMAX-60 | I47: FD | J47: 205 | K47: F88-25.1 | L47: 205 | M47: 0 | N47: Picked
B48: Ethiopia | C48: A4591 | E48: 0 | F48: 11/26/2025: Moved 245 bottles from A4532 5/14/2026: allocating 245 packs to Egypt A4683 | G48: PRECON-180-FD | H48: PRECON-180 | I48: FD | J48: 245 | K48: F55-22.2 | L48: 245 | M48: 0 | N48: In Production
B49: Ethiopia | C49: A4591 | D49: 0 | E49: 0 | F49: 11/26/2025: Moved 484 bottles from A4532 | G49: QWELL4-30-SG-FD | H49: QWELL4-30 | I49: FD | J49: 484 | K49: F58-25.3 | L49: 484 | M49: 0 | N49: Picked
B50: Ethiopia | C50: A4591 | D50: 0 | E50: 0 | F50: 11/26/2025: Moved 34 bottles from A4519 | G50: MOTILMX-60-FD | H50: MOTILMX-60 | I50: FD | J50: 34 | K50: F31-23.0 | L50: 34 | M50: 0 | N50: Picked
B51: 0 | C51: 0 | D51: 0 | E51: 0 | F51: 0 | G51: 0 | J51: 0 | K51: 0 | L51: 0 | M51: 0 | N51: 0
B52: Uganda | C52: A4534 | D52: 0 | E52: Q4 Order - 2025 12/21/2025 Documents and D/Ws sent | F52: 03/10/26 Product allocated to Somalia A4655 | G52: MFSPLS-120-FD | H52: MFSPLS-120 | I52: FD | J52: 240 | K52: F30-25.1 | L52: 0 | M52: 240 | N52: PO submitted
B53: Uganda | C53: A4534 | D53: 0 | E53: 0 | F53: 0 | G53: PRECON-90-FD | H53: PRECON-90 | I53: FD | J53: 72 | K53: F54-23.0 | L53: 72 | M53: 0 | N53: Picked
B54: 0 | C54: 0 | D54: 0 | E54: 0 | F54: 0 | G54: 0 | J54: 0 | K54: 0 | L54: 0 | M54: 0 | N54: 0
B55: Greece | C55: A4547 | D55: docs approved | E55: Q4 Order - 2025 MFSADV+Blistered *Titanium Dioxide Free labels Will be Blistered 2/4/2026: Documents Sent 5/15/2026: D/W Sent 5/26/2026: Change form submitted; order will now ship in Q3 | F55: 5/26/2026: Allocating 576 packs to Cyprus A4676. Remainder (424) to be kept on order to ship Q3. | G55: MFSADV-120-CS-GR | H55: MFSADV-120 | I55: GR | J55: 424 | K55: GR87-25.0 | L55: 424 | M55: 0 | N55: D/W Sent
B56: 0 | C56: 0 | D56: 0 | E56: 0 | F56: 0 | G56: 0 | J56: 0 | K56: 0 | L56: 0 | M56: 0 | N56: 0
B57: Sudan | C57: A4549 | D57: 4/8/2026: Client applying for permit 5/21/2026: Awaiting feedback if client can take available 1300 packs | E57: Q4 - 2025 10/17/2025: Skus confirmed 3/18/2026 - Documents Sent 5/22/2025 - New Documents Sent | F57: 11/10/2025: Can only Fulfill 1620 from PO A4808 2/4/2026: Quantity decreased from 4076 to 1476. Fulfilling out of PO A4808. 5/22/2026: QTY decreased 1476 -> 1300 (176 packs moved to Sudan A4697) 1300 packs to be fufilled by available QTY (runoff from 4940) 6/1/2026: QTY increased to original amount: 176 packs added from Sudan A4711 (1300 -> 1476) to be fufilled by PO 4808 | G57: COQ400-30-VE-CS-SU | H57: COQ400-30 | I57: SU | J57: 1476 | K57: SU58-23.0 | L57: 1476 | M57: 0 | N57: Transit to Warehouse
B58: 0 | C58: 0 | D58: 0 | E58: 0 | F58: 0 | G58: 0 | J58: 0 | K58: 0 | L58: 0 | M58: 0 | N58: 0
B59: China | C59: A4561 | D59: 0 | E59: Q4 2025 Order 11/5/2025: Documents and D/Ws Sent | F59: 11/5/2025: Sku confirmed | G59: ZINC25-60-FD | H59: ZINC25-60 | I59: FD | J59: 240 | K59: F78-22.0 | L59: 240 | M59: 0 | N59: D/W Sent
B60: 0 | C60: 0 | D60: 0 | E60: 0 | F60: 0 | G60: 0 | J60: 0 | K60: 0 | L60: 0 | M60: 0 | N60: 0
B61: Iraq | C61: A4567 | D61: 49021225 Mfg:12/2025 Exp:12/2028 4/28/2026: 3360 moved to Iraq A4698. | E61: Q1 - 2026 Order 11/7/2025: Skus Confirmed 11/21/2025: Products should be a fresh batch NutraStar Drop Ship 1 2/16/2026: Several products increased qty for Case Pack size per Packing Lists from supplier. 3/11/2026: All shipments to Iraq on hold at this time. 4/28/2026: Discussing with US management regarding potential pickup of portion of goods. 6/8/2026: NutraStar products are ready but accounting action is needed. | F61: NutraStar | G61: ADVTH-60-FD | H61: ADVTH-60 | I61: FD | J61: 3240 | K61: F01-22.2 | L61: 3240 | M61: 0 | N61: ON HOLD
B62: Iraq | C62: A4567 | D62: 49031225 Mfg:12/2025 Exp:12/2028 2/16/2026: Qty increased 11750 -> 11760 5/15/2026: 4800 moved to Iraq A4704 | E62: 0 | F62: NutraStar | G62: COLLA-60-FD | H62: COLLA-60 | I62: FD | J62: 6960 | K62: F11-22.1 | L62: 6960 | M62: 0 | N62: ON HOLD
B63: Iraq | C63: A4567 | D63: 49061225 Mfg:12/2025 Exp:12/2028 | E63: 0 | F63: Nutrastar | G63: METRIO-60-CS-IQ | H63: METRIO-60 | I63: IQ | J63: 3000 | K63: IQ28-23.0 | L63: 3000 | M63: 0 | N63: ON HOLD
B64: Iraq | C64: A4567 | D64: 49121225 Mfg:12/2025 Exp:12/2028 2/16/2026: Qty increased 8500 -> 8520 | E64: 0 | F64: Nutrastar | G64: PROSTA-45-RE | H64: PROSTA-45 | I64: RE | J64: 8520 | K64: R94-23.0 | L64: 8520 | M64: 0 | N64: ON HOLD
B65: Iraq | C65: A4567 | D65: 49131225 Mfg:12/2025 Exp:12/2028 2/16/2026: Qty increased 8000 -> 8016 4/28/2026: 6816 moved to Iraq A4698 | E65: 0 | F65: Nutrastar | G65: SPERMCT-60-RE | H65: SPERMCT-60 | I65: RE | J65: 1200 | K65: R64-23.0 | L65: 1200 | M65: 0 | N65: ON HOLD
B66: 0 | C66: 0 | D66: 0 | E66: 0 | F66: 0 | G66: 0 | J66: 0 | K66: 0 | L66: 0 | M66: 0 | N66: 0
B67: Iraq | C67: A4632 | D67: 49081225 Mfg:12/2025 Exp:12/2028 2/16/2026: Qty increased 28297 -> 28320 4/28/2026: 9360 moved to Iraq A4698 | E67: 1/22/2025: Split from IraqA4567 NutraStar Drop Ship 2 3/11/2026: All shipments to Iraq on hold at this time. 6/8/2026: NutraStar products are ready but accounting action is needed. | F67: Nutrastar | G67: OVAMAX-60-CS-IQ | H67: OVAMAX-60 | I67: IQ | J67: 18960 | K67: IQ97-25.0 | L67: 18960 | M67: 0 | N67: ON HOLD
B68: Iraq | C68: A4632 | D68: 49091225 Mfg:12/2025 Exp:12/2028 4/28/2026: 15120 moved to Iraq A4698 5/15/2026: 5208 moved to Iraq A4704 | E68: 0 | F68: Nutrastar | G68: PEARLY-60-CS-IQ | H68: PEARLY-60 | I68: IQ | J68: 24672 | K68: IQ42-23.0 | L68: 24672 | M68: 0 | N68: ON HOLD
B69: 0 | C69: 0 | D69: 0 | E69: 0 | F69: 0 | G69: 0 | J69: 0 | K69: 0 | L69: 0 | M69: 0 | N69: 0
B70: Iraq | C70: A4633 | D70: 49071225 Mfg:12/2025 Exp:12/2028 4/28/2026: 15360 moved to Iraq A4698 5/15/2026: 5280 moved to Iraq A4704 | E70: 1/22/2025: Split from IraqA4567 NutraStar Drop Ship 3 3/11/2026: All shipments to Iraq on hold at this time. 6/8/2026: NutraStar products are ready but accounting action is needed. | F70: Nutrastar 6/4/2026: Qty adjusted to 8880 after reviewing Pallets. | G70: MFSPLS-60-RE | H70: MFSPLS-60 | I70: RE | J70: 8880 | K70: R29-24.0 | L70: 8880 | M70: 0 | N70: ON HOLD
B71: Iraq | C71: A4633 | D71: 0 | E71: 0 | F71: 8/18/2025: 30,000 packs moved from A4475 9/30/2025: Moved from Iraq A4442 1/22/2026: Moved from Iraq A4541 | G71: MOTILMX-60-CS-IQ | H71: MOTILMX-60 | I71: IQ | J71: 30000 | K71: IQ31-23.0 | L71: 30000 | M71: 0 | N71: ON HOLD
B72: 0 | C72: 0 | D72: 0 | E72: 0 | F72: 0 | G72: 0 | J72: 0 | K72: 0 | L72: 0 | M72: 0 | N72: 0
B73: Iraq | C73: A4704 | D73: 49041225 Mfg:12/2025 Exp:12/2028 | E73: Q2 2026 - Nutrastar Partial Pickup 5/18/2026: ON HOLD - Client is waiting for other shipments to clear before moving forward with a new shipment. 6/8/2026: NutraStar products are ready but accounting action is needed. | F73: NutraStar 5/15/2026: From Iraq A4567. | G73: FIBRO-60-CS-IQ | H73: FIBRO-60 | I73: IQ | J73: 2808 | K73: IQ17-23.0 | L73: 2208 | M73: 0 | N73: ON HOLD
B74: Iraq | C74: A4704 | D74: 49031225 Mfg:12/2025 Exp:12/2028 | E74: 0 | F74: NutraStar 5/15/2026: From Iraq A4567. | G74: COLLA-60-FD | H74: COLLA-60 | I74: FD | J74: 4800 | K74: F11-22.1 | L74: 4800 | M74: 0 | N74: ON HOLD
B75: Iraq | C75: A4704 | D75: 49071225 Mfg:12/2025 Exp:12/2028 | E75: 0 | F75: Nutrastar 5/16/2026: From Iraq A4633. | G75: MFSPLS-60-RE | H75: MFSPLS-60 | I75: RE | J75: 5280 | K75: R29-24.0 | L75: 5280 | M75: 0 | N75: ON HOLD
B76: Iraq | C76: A4704 | D76: 49091225 Mfg:12/2025 Exp:12/2028 | E76: 0 | F76: Nutrastar 5/16/2026: From Iraq A4632. | G76: PEARLY-60-CS-IQ | H76: PEARLY-60 | I76: IQ | J76: 5208 | K76: IQ42-23.0 | L76: 5208 | M76: 0 | N76: ON HOLD
B77: 0 | C77: 0 | D77: 0 | E77: 0 | F77: 0 | G77: 0 | J77: 0 | K77: 0 | L77: 0 | M77: 0 | N77: 0
B78: Iraq | C78: A4631 | D78: 49160126 Mfg: 01/2026 Exp:01/2028 | E78: Split from IraqA4567 -- TO BE DROP Shipped From VITANE 3/11/2026: All shipments to Iraq on hold at this time. | F78: Vitane 6/8/2026: Product is at Warehouse. | G78: COQ100-125-FD | H78: COQ100-125 | I78: FD | J78: 7968 | K78: F12-24.0 | L78: 7968 | M78: 0 | N78: ON HOLD
B79: Iraq | C79: A4631 | D79: 47201025 Mfg: 10/2025 Exp:10/2027 | E79: 0 | F79: Vitane 1/29/2026: Total CoQ qty increased 8000 -> 9297 6/8/2026: Product is at Warehouse. | G79: COQ100-125-FD | H79: COQ100-125 | I79: FD | J79: 1329 | K79: 0 | L79: 1329 | M79: 0 | N79: ON HOLD
B80: Iraq | C80: A4631 | D80: 49280126 Mfg:01/2026 Exp:01/2028 | E80: 0 | F80: Vitane 11/17/2025: Quantity increased to meet MOQ 1/29/2026: Total Memo Up Qty increased 5250 -> 5649 6/8/2026: Product is at Warehouse. | G80: MEMOUP-60-FD | H80: MEMOUP-60 | I80: FD | J80: 4507 | K80: F27-24.0 | L80: 4507 | M80: 0 | N80: ON HOLD
B81: Iraq | C81: A4631 | D81: 47211025 Mfg:10/2025 Exp:10/2027 | E81: 0 | F81: Vitane 6/8/2026: Product is at Warehouse. | G81: MEMOUP-60-FD | H81: MEMOUP-60 | I81: FD | J81: 1142 | K81: F27-24.0 | L81: 1142 | M81: 0 | N81: ON HOLD
B82: Iraq | C82: A4631 | D82: 49440126 Mfg:01/2026 Exp:01/2027 | E82: 0 | F82: Iceland 6/8/2026: Product complete but pending accounting action. | G82: QWELL2-60-SG-CS-IQ | H82: QWELL2-60 | I82: IQ | J82: 6250 | K82: IQ57-25.2 | L82: 0 | M82: 6250 | N82: ON HOLD
B83: Iraq | C83: A4631 | D83: 49450126 Mfg:01/2026 Exp:01/2029 | E83: 0 | F83: Iceland 6/8/2026: Product complete but pending accounting action. | G83: QWELL4-30-SG-CS-IQ | H83: QWELL4-30 | I83: IQ | J83: 12250 | K83: IQ58-24.0 | L83: 0 | M83: 12250 | N83: ON HOLD
B84: Iraq | C84: A4631 | D84: 49620925 Mfg:09/2025 Exp:09/2028 2/19/2026: Qty decreased to 4872 per packing slip | E84: 0 | F84: Genova 6/8/2026: Product complete. | G84: XTRAD50-12-SG-FD | H84: XTRAD50-12 | I84: FD | J84: 4872 | K84: F95-25.0 | L84: 4872 | M84: 0 | N84: ON HOLD
B85: Iraq | C85: A4631 | D85: 49460126 Mfg:01/2026 Exp:01/2029 2/19/2026: Qty decreased to 4500 per packing slip | E85: 0 | F85: Iceland 6/8/2026: Product complete but pending accounting action. | G85: XTRAD5-60-FD | H85: XTRAD5-60 | I85: FD | J85: 4500 | K85: F80-25.0 | L85: 0 | M85: 4500 | N85: ON HOLD
B86: 0 | C86: 0 | D86: 0 | E86: 0 | F86: 0 | G86: 0 | J86: 0 | K86: 0 | L86: 0 | M86: 0 | N86: 0
B87: Iraq | C87: A4596 | D87: 45230325 Mfg: 03/2025 Exp: 03/2028 | E87: Quarter 1 Order to be ready at AMS warehouse in unison with Iraq A4567 2/18/2026: Docs sent. 3/10/2026: Breakdown of Pallets / D/W's sent to Overseas. 3/11/2026: All shipments to Iraq on hold at this time. 6/8/2026: Products are ready at AMS warehouse. | F87: 0 | G87: UTIC-60-FD | H87: UTIC-60 | I87: FD | J87: 720 | K87: F110-25.0 | L87: 720 | M87: 0 | N87: ON HOLD
B88: Iraq | C88: A4596 | D88: 48611125 Mfg:11/2025 Exp:11/2028 | E88: 0 | F88: 0 | G88: TESTRON-60-FD | H88: TESTRON-60 | I88: FD | J88: 2200 | K88: F103-25.0 | L88: 2200 | M88: 0 | N88: ON HOLD
B89: Iraq | C89: A4596 | D89: 45320225 Mfg: 02/2025 Exp: 02/2028 | E89: 0 | F89: 0 | G89: BRSTW-60-FD | H89: BRSTW-60 | I89: FD | J89: 550 | K89: F112-25.1 | L89: 550 | M89: 0 | N89: ON HOLD
B90: Iraq | C90: A4596 | D90: 0 | E90: 0 | F90: 9/30/2025: Moved from IraqA4442 2/17/2026: Moved from IraqA4541 to consolidate for shipment. | G90: GINKGO-60-FD | H90: GINKGO-60 | I90: FD | J90: 6000 | K90: F21-23.0 | L90: 6000 | M90: 0 | N90: ON HOLD
B91: Iraq | C91: A4596 | D91: 48760725 Mfg:07/2025 Exp:07/2028 | E91: 0 | F91: 5/22/2025: Products moved from IraqA4434 9/30/2025: Moved from A4384 1/15/2025: Moved 1421 from Iraq A4541 1/20/2025: 92 bottles allocated to georgia A4615 3/30/2026: qty decreased 1329 -> 529 after allocating to UAE A4644 | G91: QWELL2-60-SG-CS-IQ | H91: QWELL2-60 | I91: IQ | J91: 529 | K91: IQ57-25.2 | L91: 529 | M91: 0 | N91: ON HOLD
B92: Iraq | C92: A4596 | D92: 0 | E92: 0 | F92: 10/29/2025: moved from IraqA4442 2/10/26: Qty increased from 5000 -> 5208 2/17/2026: Moved from IraqA4541 to consolidate for shipment. 5/22/2026: Reduced from 5208 pcs to 4158 pcs. Allocated 1050 pcs to Egypt A4683. | G92: QWELL2-60-SG-CS-IQ | H92: QWELL2-60 | I92: IQ | J92: 4158 | K92: IQ57-25.2 | L92: 4158 | M92: 0 | N92: ON HOLD
B93: Iraq | C93: A4596 | D93: 0 | E93: 0 | F93: 2/10/26: Qty decreased from 1500 -> 953 2/17/2026: Moved from IraqA4541 to consolidate for shipment. | G93: QWELL2-60-SG-CS-IQ | H93: QWELL2-60 | I93: IQ | J93: 953 | K93: IQ58-24.0 | L93: 953 | M93: 0 | N93: ON HOLD
B94: Iraq | C94: A4596 | D94: 48391125 Mfg:11/2025 Exp:11/2028 | E94: 0 | F94: 9/30/2025: Moved from IraqA4442 1/15/2025: moved from IraqA4541 | G94: NRGWOM-45-FD | H94: NRGWOM-45 | I94: FD | J94: 860 | K94: F83-22.0 | L94: 860 | M94: 0 | N94: ON HOLD
B95: Iraq | C95: A4596 | D95: 0 | E95: 0 | F95: 1/15/2026: moved from IraqA4541 2/17/2026: Moved from IraqA4541 to consolidate for shipment. | G95: NMNH-60-FD | H95: NMNH-60 | I95: FD | J95: 2200 | K95: F114-25.0 | L95: 2200 | M95: 0 | N95: ON HOLD
B96: Iraq | C96: A4596 | D96: 0 | E96: 0 | F96: 2/19/2025: Added to order - product in Inventory 2/20/2026: Reduced qty from 1453 -> 1451 after re-work. | G96: CAVINAD-60-FD | H96: CAVINAD-60 | I96: FD | J96: 1451 | K96: 0 | L96: 1453 | M96: 0 | N96: ON HOLD
B97: Iraq | C97: A4596 | D97: 0 | E97: 0 | F97: 2/19/2025: Added to order - product in Inventory | G97: CAVINAD-60-FD | H97: CAVINAD-60 | I97: FD | J97: 860 | K97: 0 | L97: 860 | M97: 0 | N97: ON HOLD
B98: Iraq | C98: A4596 | D98: 0 | E98: 0 | F98: 6/5/2026: Product added to order. In inventory. | G98: OSTEOPW-74-FD | H98: OSTEOPW-74 | I98: FD | J98: 1001 | K98: 0 | L98: 0 | M98: 0 | N98: ON HOLD
B99: 0 | C99: 0 | D99: 0 | E99: 0 | F99: 0 | G99: 0 | J99: 0 | K99: 0 | L99: 0 | M99: 0 | N99: 0
B100: Iraq | C100: A4622 | D100: 0 | E100: 2025 Back Order for IraqA4567 3/11/2026: All shipments to Iraq on hold at this time. | F100: May need a specific batch number 11/20/205: Should be a fresh batch 6/8/2026: Product arriving at warehouse on 6/10/26. | G100: LIPODIS-60-CS-IQ | H100: LIPODIS-60 | I100: IQ | J100: 5000 | K100: IQ26-24.1 | L100: 0 | M100: 5000 | N100: ON HOLD
...
